Name,Position,Company name,Location,Contact info,Tel,Comment
tito, , , , , , 
, , , , , , 
, , , , , , 
, , , , , , 
, , , , , , 
, , , , , , 
, , , , , , 
, , , , , , 
, , , , , , 
, , , , , , 
, , , , , , 
, , , , , , 
, , , , , , 
, , , , , , 
, , , , , , 
, , , , , , 
, , , , , , 
, , , , , , 
, , , , , , 
, , , , , , 
, , , , , , 
, , , , , , 
, , , , , , 
, , , , , , 
, , , , , , 
, , , , , , 
, , , , , , 
, , , , , , 
, , , , , , 
, , , , , , 
, , , , , , 
, , , , , , 
, , , , , , 
, , , , , , 
, , , , , , 
, , , , , , 
, , , , , , 
, , , , , , 
, , , , , , 
, , , , , , 
, , , , , , 
, , , , , , 
, , , , , , 
, , , , , , 
, , , , , , 
, , , , , , 
, , , , , , 
, , , , , , 
, , , , , , 
, , , , , , 
, , , , , , 
, , , , , , 
, , , , , , 
, , , , , , 
, , , , , , 
, , , , , , 
, , , , , , 
, , , , , , 
, , , , , , 
, , , , , , 
, , , , , , 
, , , , , , 
, , , , , , 
, , , , , , 
, , , , , , 
, , , , , , 
, , , , , , 
, , , , , , 
, , , , , , 
, , , , , , 
, , , , , , 
, , , , , , 
, , , , , , 
, , , , , , 
, , , , , , 
, , , , , , 
, , , , , , 
, , , , , , 
, , , , , , 
, , , , , , 
, , , , , , 
, , , , , , 
, , , , , , 
, , , , , , 
, , , , , , 
, , , , , , 
, , , , , , 
, , , , , , 
, , , , , , 
, , , , , , 
, , , , , , 
, , , , , , 
, , , , , , 
, , , , , , 
, , , , , , 
, , , , , , 
, , , , , , 
, , , , , , 
, , , , , , 
, , , , , , 
, , , , , , 
, , , , , , 
, , , , , , 
, , , , , , 
, , , , , , 
, , , , , , 
, , , , , , 
, , , , , , 
, , , , , , 
, , , , , , 
, , , , , , 
, , , , , , 
, , , , , , 
, , , , , , 
, , , , , , 
, , , , , , 
, , , , , , 
, , , , , , 
, , , , , , 
, , , , , , 
, , , , , , 
, , , , , , 
, , , , , , 
, , , , , , 
, , , , , , 
, , , , , , 
, , , , , , 
, , , , , , 
, , , , , , 
, , , , , , 
, , , , , , 
, , , , , , 
, , , , , , 
, , , , , , 
, , , , , , 
, , , , , , 
, , , , , , 
, , , , , , 
, , , , , , 
, , , , , , 
, , , , , , 
, , , , , , 
, , , , , , 
, , , , , , 
, , , , , , 
, , , , , , 
, , , , , , 
, , , , , , 
, , , , , , 
, , , , , , 
, , , , , , 
, , , , , , 
, , , , , , 
, , , , , , 
, , , , , , 
, , , , , , 
, , , , , , 
, , , , , , 
, , , , , , 
, , , , , , 
, , , , , , 
, , , , , , 
, , , , , , 
, , , , , , 
, , , , , , 
, , , , , , 
, , , , , , 
, , , , , , 
, , , , , , 
, , , , , , 
, , , , , , 
, , , , , , 
, , , , , , 
, , , , , , 
, , , , , , 
, , , , , , 
, , , , , , 
, , , , , , 
, , , , , , 
, , , , , , 
, , , , , , 
, , , , , , 
, , , , , , 
, , , , , , 
, , , , , , 
, , , , , , 
, , , , , , 
, , , , , , 
, , , , , , 
, , , , , , 
, , , , , , 
, , , , , , 
, , , , , , 
, , , , , , 
, , , , , , 
, , , , , , 
, , , , , , 
, , , , , , 
, , , , , , 
, , , , , , 
, , , , , , 
, , , , , , 
, , , , , , 
, , , , , , 
, , , , , , 
, , , , , , 
, , , , , , 
, , , , , , 
